{
  "orders": [
    {
      "id": "457a",
      "ngayMua": "2024-06-05",
      "tongTien": "234",
      "soLuong": 2,
      "product": {
        "maSp": "2",
        "name": "MacBook",
        "gia": "1200",
        "lsp": "Laptop"
      }
    },
    {
      "id": "1306",
      "ngayMua": "2024-06-05",
      "tongTien": "234",
      "soLuong": 3,
      "product": {
        "maSp": "2",
        "name": "MacBook",
        "gia": "1200",
        "lsp": "Laptop"
      }
    },
    {
      "id": "0452",
      "ngayMua": "2024-06-05",
      "soLuong": 3,
      "product": {
        "maSp": "1",
        "name": "ip 15pro",
        "gia": "1600",
        "lsp": "Dien thoai"
      }
    },
    {
      "id": "6acc",
      "ngayMua": "2024-06-05",
      "soLuong": 123,
      "product": {
        "maSp": "2",
        "name": "MacBook",
        "gia": "1200",
        "lsp": "Laptop",
        "id": "b3b8"
      }
    },
    {
      "id": "5ac3",
      "ngayMua": "2024-06-19",
      "soLuong": 123,
      "product": {
        "maSp": "3",
        "name": "Sam sung",
        "gia": "1200",
        "lsp": "Dien thoai",
        "id": "c7b4"
      }
    }
  ],
  "products": [
    {
      "maSp": "1",
      "name": "ip 15pro",
      "gia": "1600",
      "lsp": "Dien thoai",
      "id": "3722"
    },
    {
      "maSp": "2",
      "name": "MacBook",
      "gia": "1200",
      "lsp": "Laptop",
      "id": "b3b8"
    },
    {
      "maSp": "3",
      "name": "Sam sung",
      "gia": "1200",
      "lsp": "Dien thoai",
      "id": "c7b4"
    },
    {
      "maSp": "4",
      "name": "Oppo F10",
      "gia": "1200",
      "lsp": "Dien thoai",
      "id": "d004"
    }
  ]
}